{
    "algorithm": "auxiva_gauss",
    "n_targets": 1,
    "n_interferers": 1,
    "n_mics": 8,
    "rt60": 0.308625,
    "sinr": 5,
    "seed": 3120362903,
    "sdr": [
        [
            4.9581667416966235
        ],
        [
            4.824652026341004
        ],
        [
            6.097862834389352
        ],
        [
            8.15182345343879
        ],
        [
            11.391185562061397
        ],
        [
            14.848098242290453
        ],
        [
            16.38956738190352
        ],
        [
            16.681194534603062
        ],
        [
            16.771317124559253
        ],
        [
            16.835478279979622
        ],
        [
            16.892780461078956
        ],
        [
            17.08373436331621
        ],
        [
            17.07041925783046
        ],
        [
            13.845147240736893
        ],
        NaN
    ],
    "sir": [
        [
            5.0017071233778125
        ],
        [
            4.928623161293865
        ],
        [
            6.264238913870216
        ],
        [
            8.744307018262118
        ],
        [
            13.49225695995597
        ],
        [
            20.195923630740854
        ],
        [
            25.185558842868197
        ],
        [
            26.98080201614846
        ],
        [
            27.771867626149245
        ],
        [
            28.25657319730187
        ],
        [
            28.673906826353047
        ],
        [
            30.80660774230575
        ],
        [
            30.89338353193603
        ],
        [
            29.68815979594435
        ],
        NaN
    ],
    "runtime": NaN,
    "eval_time": NaN,
    "n_samples": 297064
}